,PiS,PO,Kukiz15,N,PSL-UED,WiS,niez.,Republikanie,posel,najblizsza_partia,partia_ostatnio
0,0.0899749184309,0.703479560728,0.561317570218,0.72350580511,0.99980735889,0.355024722276,0.443669446203,0.920952931356,ABRAMOWICZ ADAM,PiS,PiS
1,0.140513213793,0.725058869243,0.595904136528,0.742056513864,0.99980735889,0.408476208823,0.474035724224,0.923007769858,ADAMCZYK ANDRZEJ,PiS,PiS
2,0.746616043997,0.247249864204,0.566507036758,0.375581703675,0.999711038336,0.812007962499,0.615311222415,0.909490785334,AJCHLER ZBIGNIEW,PO,PO
3,0.473626337668,0.601184216601,0.367200729915,0.629799349391,0.99980735889,0.576972966031,0.544421510979,0.912348295126,ANDRUSZKIEWICZ ADAM,Kukiz15,WiS
4,0.0466775607953,0.700185465783,0.559470652941,0.726770740893,0.99980735889,0.336791241251,0.429507113961,0.91722853657,ANDZEL WALDEMAR,PiS,PiS
5,0.628849750261,0.485062445027,0.320617473255,0.515358495744,0.99980735889,0.707567584923,0.547624245871,0.90862390034,APEL PIOTR,Kukiz15,Kukiz15
6,0.0818916788144,0.715876559593,0.579442251733,0.740835010861,0.99980735889,0.358675271303,0.451794849449,0.918448596931,ARCISZEWSKA-MIELEWCZYK DOROTA,PiS,PiS
7,0.0923857236982,0.710706574403,0.574725346824,0.730091296748,0.99980735889,0.375778591151,0.451033687732,0.925191035767,ARDANOWSKI JAN KRZYSZTOF,PiS,PiS
8,0.103751007747,0.706822801845,0.575713412242,0.732907801968,0.969081101907,0.33437680601,0.464125638697,0.886951775509,ARENT IWONA,PiS,PiS
9,0.470157162425,0.512110191267,0.500315698729,0.513040759253,0.530629936428,0.530629936428,0.489998715726,0.530629936428,ARENT IWONA EWA,PiS,
10,0.689500889972,0.102095779462,0.505757410946,0.261927252814,0.999518397226,0.765327810955,0.544488323808,0.907757015347,ARNDT PAWE?,PO,PO
11,0.710754708077,0.149153699245,0.532763216396,0.299193538868,0.99980735889,0.782206382842,0.570820146591,0.91684325435,AR?UKOWICZ BARTOSZ,PO,PO
12,0.0738235233248,0.704195130798,0.567844254817,0.729753863339,0.99980735889,0.35942657163,0.441924056594,0.919476016182,AST MAREK,PiS,PiS
13,0.694705767269,0.102609124079,0.509220912023,0.268386627118,0.999614717781,0.76413664676,0.550489629487,0.90701855776,AUGUSTYN URSZULA,PO,PO
14,0.723641968386,0.305732817554,0.569197314908,0.289965812895,0.99980735889,0.795017016631,0.615098552745,0.913696782893,AUGUSTYNOWSKA JOANNA,N,PO
15,0.700414076735,0.129155199102,0.511121307145,0.279877676462,0.999614717781,0.763850895781,0.557011677721,0.906954344057,AZIEWICZ TADEUSZ,PO,PO
16,0.0582579817726,0.701981667348,0.563571834117,0.727701350817,0.99980735889,0.342281512875,0.435185363557,0.918384383227,BABALSKI ZBIGNIEW,PiS,PiS
17,0.0932984951634,0.712396320175,0.572553896047,0.737109399005,0.99980735889,0.369816348809,0.452057208294,0.9218519232,BABIARZ PIOTR ?UKASZ,PiS,niez.
18,0.0466584527608,0.701562197596,0.559157356157,0.727418924446,0.99980735889,0.335667501445,0.430376139411,0.917292750273,BABINETZ PIOTR,PiS,PiS
19,0.501293027055,0.513301900838,0.232384040704,0.54109011532,0.99980735889,0.61362614782,0.491396433999,0.895909587106,BAKUN WOJCIECH,Kukiz15,Kukiz15
20,0.0474513311001,0.701648727356,0.559003134292,0.727468645831,0.99980735889,0.336084890516,0.430378203423,0.917549605086,BARTOSIK RYSZARD,PiS,PiS
21,0.0669871106572,0.708640458437,0.568454711278,0.733800514229,0.99980735889,0.349666088743,0.442906679142,0.917934887305,BARTU? BARBARA,PiS,PiS
22,0.668196197465,0.304642017029,0.527917487951,0.358544233694,0.99980735889,0.743867591344,0.561315142509,0.934309381622,BASZKO MIECZYS?AW KAZIMIERZ,PO,PiS
23,0.689872977599,0.102826434824,0.505464681247,0.263369496477,0.999614717781,0.763462402877,0.544691361422,0.905349001477,BA?KOWSKI PAWE?,PO,PO
24,0.670875314272,0.264506919309,0.486461083023,0.324184327321,0.99980735889,0.749829833687,0.551253925445,0.908045977011,BEJDA PAWE?,PO,UED
25,0.352140089438,0.599517115414,0.544107543359,0.6160796028,0.710942015026,0.428648943685,0.505741928185,0.682623771913,BERNACKI W ?ODZIMIERZ,PiS,PiS
26,0.255064318501,0.632477337273,0.545489229409,0.646092261936,0.78876902331,0.465677775637,0.465923622387,0.745745842163,BERNACKI W?ODZIMIERZ,PiS,
27,0.725083970208,0.190187909927,0.555135249085,0.325599948896,0.999614717781,0.787963141334,0.589267291068,0.912605149939,BIA?KOWSKA ANNA,PO,PO
28,0.0637897168692,0.707489200993,0.564980622763,0.730707064518,0.99980735889,0.344400565081,0.441277027089,0.918320169524,BIELECKI JERZY,PiS,PiS
29,0.693122433098,0.114953212624,0.510782368941,0.273713599308,0.999614717781,0.767501444808,0.551403604529,0.907339626276,BIERNACKI MAREK,PO,PO
30,0.0795493211837,0.692761797359,0.569274517911,0.717420675638,0.99980735889,0.365302125474,0.444542370342,0.914338919926,BIERNAT ZBIGNIEW,PiS,PiS
31,0.0938778801165,0.712103999989,0.57532647404,0.735477087506,0.99980735889,0.37724587427,0.451513379384,0.921723495794,BOGUCKI JACEK,PiS,PiS
32,0.709333000663,0.148249928602,0.525571532946,0.298071416471,0.999325756116,0.775184614397,0.567588056863,0.911995119759,BOROWCZAK JERZY,PO,PO
33,0.0438359332908,0.700425096419,0.558011158812,0.726648936979,0.99980735889,0.333676876645,0.427869664529,0.91722853657,BOROWIAK JOANNA,PiS,PiS
34,0.0592330163452,0.705623552068,0.561015283608,0.730540402858,0.99980735889,0.344650998523,0.435786373241,0.918384383227,BOROWIEC AGATA,PiS,PiS
35,0.534097176253,0.499801984668,0.354410261052,0.517384948926,0.790117511077,0.631830732678,0.508919283375,0.756726385411,BOROWSKA EL?BIETA,Kukiz15,
36,0.0499748207958,0.702690937279,0.560146449958,0.728055851536,0.99980735889,0.338659860014,0.431943641773,0.917999101008,BORYS-SZOPA BO?ENA,PiS,PiS
37,0.697504742495,0.14622765985,0.523444088461,0.289219392186,0.999711038336,0.768361908431,0.566231542383,0.918223848969,BREJZA KRZYSZTOF,PO,PO
38,0.106278591991,0.722419906775,0.584898755983,0.742995730705,0.99980735889,0.378787003146,0.463720786587,0.918448596931,BRUDZI?SKI JOACHIM,PiS,PiS
39,0.479240644537,0.537745656916,0.26062192065,0.559735668259,0.99980735889,0.593787324215,0.496226298263,0.897771784499,BRYNKUS JÓZEF,Kukiz15,Kukiz15
40,0.0617229063758,0.70546767341,0.558327049291,0.729484151061,0.99980735889,0.343752006678,0.433044448114,0.917613818789,BUBULA BARBARA,PiS,PiS
41,0.0477427201172,0.700787344841,0.558265226552,0.726821597391,0.99980735889,0.336476594105,0.428815058419,0.916779040647,BUCZAK WOJCIECH,PiS,PiS
42,0.065243333169,0.705072261643,0.56739564912,0.729656796,0.99980735889,0.351675977654,0.439113331071,0.919283375072,BUDA WALDEMAR,PiS,PiS
43,0.729364447386,0.198600257282,0.551527512023,0.337194642283,0.999711038336,0.795729788737,0.585912277966,0.91642586528,BUDKA BORYS,PO,PO
44,0.766503848628,0.296502674549,0.602641576118,0.414176962411,0.999711038336,0.82223720542,0.633630092376,0.92265459449,BUKIEWICZ BO?ENNA,PO,PO
45,0.0716876468634,0.706124021782,0.568898935642,0.733537144493,0.99980735889,0.357853335902,0.44495800118,0.917356963976,BURZY?SKA LIDIA,PiS,PiS
46,0.0603629538042,0.707409235506,0.565614939912,0.730150253789,0.99980735889,0.343854748603,0.43226425162,0.917164322867,B?K DARIUSZ,PiS,PiS
47,0.0664737701712,0.709316895973,0.568712070373,0.733690927695,0.99980735889,0.349040005137,0.439195585767,0.916971681757,B?ASZCZAK MARIUSZ,PiS,PiS
48,0.590276989308,0.587680053456,0.448149611496,0.609927998097,0.99980735889,0.662791369678,0.551450541688,0.843575418994,B?E?SKA MAGDALENA,Kukiz15,niez.
49,0.719836335933,0.200602707432,0.546317630202,0.344222063604,0.999711038336,0.776972966031,0.586742698749,0.927085340012,CHMIEL MA?GORZATA,PO,PO
50,0.0646583838244,0.709012427837,0.567180067908,0.730457689418,0.99980735889,0.354090412894,0.439415594145,0.916907468054,CHMIELOWIEC ZBIGNIEW,PiS,PiS
51,0.585757344697,0.523615761167,0.298095970451,0.524927218701,0.99980735889,0.682713671097,0.532643036024,0.899056058563,CHROBAK BARBARA,Kukiz15,Kukiz15
52,0.471575148615,0.594254600891,0.385338467192,0.624705513854,0.99980735889,0.532938419059,0.536572685325,0.904257368522,CHRUSZCZ SYLWESTER,Kukiz15,WiS
53,0.742014117872,0.207826618429,0.553292454294,0.348714233875,0.999711038336,0.795139022667,0.598528053744,0.932993000706,CHYBICKA ALICJA,PO,PO
54,0.0475857078522,0.702024200285,0.558726055607,0.727629339799,0.99980735889,0.335731715148,0.429692722141,0.91722853657,CICHOLSKA ANNA,PiS,PiS
55,0.693177161271,0.108666331732,0.508492194309,0.268361152114,0.999133115007,0.767694085918,0.54756851755,0.907114878315,CICHO? JANUSZ,PO,PO
56,0.120843796801,0.720204209203,0.588528010199,0.741757881474,0.99980735889,0.372876131767,0.466628291335,0.92724587427,CIE?LAK MICHA?,PiS,PiS
57,0.729530686116,0.201757425187,0.553704341173,0.346653774664,0.999325756116,0.790249149168,0.596320937031,0.929910742953,CIE?LI?SKI PIOTR,PO,PO
58,0.744281532773,0.221362211729,0.575118445009,0.362426238806,0.999229435562,0.814178385668,0.623908519935,0.914659988442,CIMOSZEWICZ TOMASZ,PO,PO
59,0.107602307215,0.715699821056,0.58201612269,0.737891897624,0.99980735889,0.385625762538,0.461554797222,0.921787709497,CYMA?SKI TADEUSZ,PiS,PiS
60,0.723367618449,0.303173032034,0.550738720662,0.19710552958,0.99980735889,0.794577152764,0.593133414671,0.927117446863,CYRA?SKI ADAM,N,niez.
61,0.0662477887451,0.704834735177,0.567049958891,0.730065367623,0.99980735889,0.355124253516,0.438893475582,0.923842548,CZABA?SKI KRZYSZTOF,PiS,PiS
62,0.178397709507,0.721565082896,0.584938789124,0.74138761795,0.99980735889,0.447431451872,0.491273357735,0.921787709497,CZARNECKI PRZEMYS?AW,PiS,PiS
63,0.0611812069208,0.702301932662,0.563791669138,0.727527238438,0.99980735889,0.348632248122,0.43629450239,0.918705451743,CZARNECKI WITOLD,PiS,PiS
64,0.0685358629056,0.70421853027,0.5654626616,0.730762771541,0.99980735889,0.354083991524,0.439745071598,0.919219161369,CZARTORYSKI ARKADIUSZ,PiS,PiS
65,0.0527452014239,0.702512003983,0.559504200141,0.727059435248,0.99980735889,0.341000449496,0.431241266172,0.918063314711,CZECH ANNA,PiS,PiS
66,0.684434813357,0.112065820927,0.502639660751,0.271581534087,0.999133115007,0.757991395364,0.537955038177,0.905573749438,CZERNOW ZOFIA,PO,PO
67,0.050660327382,0.701659461575,0.560769137507,0.72682396033,0.99980735889,0.339391896231,0.431231175447,0.917164322867,CZERWI?SKA ANITA,PiS,PiS
68,0.703226952478,0.114616652598,0.517678831998,0.27552480531,0.999036794452,0.772831182174,0.555545617721,0.905991138509,CZERWI?SKI ANDRZEJ,PO,PO
69,0.0763301532909,0.702821604112,0.566418987418,0.725085558895,0.988345212868,0.337048096064,0.443365883565,0.907564374237,CZOCHARA KATARZYNA,PiS,PiS
70,0.0563115150085,0.701814281207,0.562633182581,0.728945149425,0.99980735889,0.343276825275,0.434025006651,0.917164322867,DOBRZY?SKI LESZEK,PiS,PiS
71,0.0625185965581,0.706071371394,0.565635085715,0.730799838201,0.99980735889,0.341928337507,0.439972189351,0.917421177679,DOLATA ZBIGNIEW,PiS,PiS
72,0.732065550532,0.360395734174,0.576390952301,0.250979239793,0.99980735889,0.801476915174,0.619570807839,0.908367045528,DOLNIAK BARBARA,N,N
73,0.700567822376,0.118951604954,0.518967128497,0.274890729753,0.998169909459,0.764354973351,0.558207963722,0.905637963141,DROZD EWA,PO,PO
74,0.0841839234399,0.706261541312,0.571854422934,0.735195345488,0.99980735889,0.336502279586,0.44760154174,0.917421177679,DUDA ANTONI,PiS,PiS
75,0.0532664849229,0.702829609112,0.558798860373,0.728415843531,0.99980735889,0.339520323637,0.431462803448,0.918191742118,DUDA EL?BIETA,PiS,PiS
76,0.0690601338532,0.708510300662,0.564114732736,0.732816732359,0.99980735889,0.353364798048,0.438606042815,0.919668657291,DUDA JAN,PiS,PiS
77,0.691237489551,0.100225601391,0.504133721168,0.261047422394,0.998362550568,0.765199383548,0.545841551158,0.905381108329,DUNIN ARTUR,PO,PO
78,0.0491930023768,0.69943798589,0.558425256102,0.725251913019,0.99980735889,0.338492904386,0.428908550513,0.917613818789,DUSZEK MARCIN,PiS,PiS
79,0.102501896849,0.713168677344,0.572514988346,0.732883059787,0.99980735889,0.380893212612,0.452565566778,0.920053939511,DWORCZYK MICHA?,PiS,PiS
80,0.166524091704,0.728314883817,0.608028416427,0.742932276446,0.99980735889,0.427127078919,0.494041962126,0.922365632826,DZIEDZICZAK JAN,PiS,PiS
81,0.699378835963,0.175534030144,0.543139827381,0.303146820052,0.998555191678,0.769299428498,0.573029633095,0.907435946831,DZIKOWSKI WALDY,PO,PO
82,0.0548063324171,0.702204182058,0.560660214809,0.727846816894,0.99980735889,0.341761381879,0.432601220672,0.917742246195,DZIUBA TADEUSZ,PiS,PiS
83,0.0473801335684,0.701196708728,0.558984029677,0.727515540253,0.99980735889,0.336470172735,0.429346426813,0.917613818789,DZIUK BARBARA,PiS,PiS
84,0.666032253607,0.588816266569,0.412397741801,0.597930005144,0.99980735889,0.750028896166,0.57570344583,0.915944262506,D?UGI GRZEGORZ,Kukiz15,Kukiz15
85,0.695894575533,0.157680402796,0.532889188651,0.306288072689,0.99759198613,0.766586399538,0.565072102815,0.914242599371,FABISIAK JOANNA,PO,PO
86,0.185795551409,0.736145218451,0.609785524225,0.749672084906,0.99980735889,0.453178578309,0.495070222271,0.919604443588,FALFUS JACEK,PiS,PiS
87,0.0556765577233,0.702564155829,0.56048198584,0.726543430244,0.99980735889,0.342612213446,0.43316003278,0.91722853657,FILIPIAK EWA,PiS,PiS
88,0.699249934684,0.117816177063,0.514130200388,0.275240646811,0.994028125602,0.767373017402,0.551985197213,0.901560392988,FRYDRYCH JOANNA,PO,PO
89,0.719356835944,0.237842536069,0.537401838038,0.245189438398,0.997977268349,0.784832723303,0.586795216385,0.909490785334,FURGO GRZEGORZ,PO,PO
90,0.699754858572,0.131926580077,0.514685752728,0.28615812266,0.993257561164,0.764637513645,0.559416098681,0.901239324472,GADOWSKI KRZYSZTOF,PO,PO
91,0.638584770731,0.364744595221,0.542444833331,0.44921772938,0.773935657869,0.707053875297,0.581292637134,0.765266807937,GAJEWSKA KINGA,PO,PO
92,0.574719809156,0.366156446943,0.516440231706,0.414602177855,0.715661722212,0.578501252167,0.521494619809,0.633596609516,GAJEWSKA-P?OCHOCKA KINGA,PO,
93,0.0500002929418,0.703647105247,0.559589176153,0.729009190383,0.99980735889,0.337144416619,0.431647570734,0.91722853657,GALEMBA LESZEK,PiS,PiS
94,0.64371909786,0.2900958428,0.526812451281,0.384466350685,0.99980735889,0.731130803313,0.463428767127,0.905027932961,GALLA RYSZARD,PO,niez.
95,0.687437299952,0.11498657826,0.505874145921,0.271400031435,0.984781352341,0.754649072112,0.547837297765,0.893341038978,GAPI?SKA EL?BIETA,PO,PO
96,0.728660063178,0.313584868608,0.560289620734,0.208683084104,0.99980735889,0.798076799589,0.609900300581,0.918512810634,GASIUK-PIHOWICZ KAMILA,N,N
97,0.71454138491,0.235846999087,0.564524064951,0.376073800377,0.983625505683,0.780893212612,0.602910256763,0.902716239646,GAW ?OWSKI STANIS?AW,PO,PO
98,0.695392581498,0.140890196495,0.517851291918,0.296136890258,0.982084376806,0.763157387787,0.554563606731,0.889488216785,GAWLIK ZDZIS?AW,PO,PO
99,0.059228217502,0.705054850931,0.560347501621,0.729299187569,0.99980735889,0.344458357413,0.434784486581,0.918448596931,GAWRON ANDRZEJ,PiS,PiS
100,0.699465956747,0.128372181609,0.512364585126,0.283564828542,0.98738200732,0.763093174083,0.555945653803,0.896904899506,GELERT EL?BIETA,PO,PO
101,0.695015885429,0.144401112066,0.519693743423,0.298990292912,0.992005393951,0.767443652475,0.556854048368,0.904931612406,GIERADA ARTUR,PO,PO
102,0.128052295635,0.723722903341,0.594406286131,0.744639568936,0.99980735889,0.38366724459,0.484601324637,0.934566236435,GI?Y?SKI SZYMON,PiS,PiS
103,0.0831470099555,0.710016534393,0.570656055888,0.735240730146,0.99980735889,0.362085018943,0.448605645302,0.92063186284,GLENC TERESA,PiS,PiS
104,0.142242742554,0.733574096102,0.601685083072,0.760049335619,0.99980735889,0.414438451165,0.493688480979,0.918384383227,GLI?SKI PIOTR,PiS,PiS
105,0.712055650999,0.231074689627,0.533115751058,0.227822305514,0.999229435562,0.781622038143,0.582840798941,0.911706158094,GOLBIK MARTA,N,PO
106,0.0548709430156,0.702735874273,0.560861782843,0.728412536788,0.99980735889,0.340515636037,0.432877033816,0.917356963976,GOLI?SKA MA?GORZATA,PiS,PiS
107,0.045011537076,0.700590439443,0.558450906659,0.72692189023,0.99980735889,0.334672189045,0.428148611914,0.917678032492,GONCIARZ JAROS?AW,PiS,PiS
108,0.0952749946227,0.713010325722,0.571811964463,0.738136666448,0.99980735889,0.37685417068,0.455318347078,0.917806459899,GOSIEWSKA MA?GORZATA,PiS,PiS
109,0.0487525448405,0.702809258327,0.558801536378,0.727439383716,0.99980735889,0.337850767354,0.430046814847,0.917485391383,GOSIEWSKI JERZY,PiS,PiS
110,0.142932956178,0.714155220054,0.581280092416,0.734421287122,0.99980735889,0.414804469274,0.467748056007,0.921145572465,GOWIN JAROS?AW,PiS,PiS
111,0.05054966264,0.702524082125,0.56033355599,0.728211934437,0.99980735889,0.340297309446,0.430255203603,0.918255955821,GO?OJUCH KAZIMIERZ,PiS,PiS
112,0.690738425834,0.0990149145439,0.505345419025,0.262152368783,0.998747832788,0.764798047903,0.546398605034,0.906087459064,GRABARCZYK CEZARY,PO,PO
113,0.707704143183,0.161904708057,0.530736844737,0.309256945672,0.999036794452,0.769158158351,0.572009017439,0.90721119887,GRABIEC JAN,PO,PO
114,0.567196847739,0.481730829986,0.259477487272,0.515202766316,0.99980735889,0.655487060939,0.515640011864,0.904257368522,GRABOWSKI PAWE?,Kukiz15,Kukiz15
115,0.699646106399,0.121059951623,0.519385472622,0.28062081715,0.999614717781,0.772696333398,0.561009439414,0.907532267386,GRUPI?SKI RAFA?,PO,PO
116,0.570167703183,0.412298000189,0.566002743263,0.339143229133,0.99980735889,0.63076157452,0.551000051983,0.90701855776,GRYGLAS ZBIGNIEW,N,PiS
117,0.0544200333615,0.702205066649,0.55925144991,0.728456395736,0.99980735889,0.342853014833,0.432538306532,0.917806459899,GWIAZDOWSKI KAZIMIERZ,PiS,PiS
118,0.536722078602,0.575067427325,0.555797395474,0.573936701737,0.598824889231,0.598824889231,0.556427791691,0.598824889231,GÓRSKI ARTUR,PiS,
119,0.711718215694,0.210715555743,0.543281579603,0.338420582417,0.988345212868,0.759731586721,0.584304871374,0.904353689077,G?DEK LIDIA,PO,PO
120,0.707245320883,0.156386129503,0.529174169188,0.305842225407,0.994895010595,0.77865215437,0.570558705085,0.906986450909,G?OGOWSKI TOMASZ,PO,PO
121,0.0497271433039,0.702029664665,0.558356471946,0.726957476427,0.99980735889,0.335982148591,0.429867245813,0.916907468054,G?UCHOWSKI KRZYSZTOF,PiS,PiS
122,0.0903058624077,0.723377061751,0.583516386744,0.748907425588,0.99980735889,0.382094008861,0.464689572612,0.926411096128,G??BOCKI KONRAD,PiS,PiS
123,0.69816145949,0.126299635055,0.522332131236,0.284277737868,0.999711038336,0.771957875811,0.558119364101,0.91642586528,HALICKI ANDRZEJ,PO,PO
124,0.700134734714,0.129358667592,0.521282341673,0.284080741579,0.999422076671,0.767180376292,0.562200450719,0.906376420728,HANAJCZYK AGNIESZKA,PO,PO
125,0.087252045841,0.706159318158,0.559556823097,0.728700384079,0.99980735889,0.36082643036,0.441672400033,0.920503435433,HA?AS TERESA,PiS,PiS
126,0.704937470809,0.16683032667,0.525189941702,0.311948020336,0.999711038336,0.769886983882,0.568500044338,0.914884736403,HENCZYCA BO?ENA,PO,PO
127,0.718795270248,0.268781425901,0.531484626054,0.170185644647,0.99980735889,0.786113786682,0.583321331486,0.91022924292,HENNIG-KLOSKA PAULINA,N,N
128,0.707184755505,0.131724943766,0.524582180671,0.290093508893,0.99980735889,0.764958582161,0.563613610859,0.906247993322,HIBNER JOLANTA,PO,PO
129,0.489907636782,0.501598913058,0.497310967275,0.503570740567,0.510113658255,0.510113658255,0.495312399666,0.510113658255,HOC CZES?AW,PiS,
130,0.703450107895,0.131660843171,0.524229016434,0.286364493381,0.99980735889,0.768647659411,0.56334085551,0.910999807359,HOK MAREK,PO,PO
131,0.0552110033194,0.703009593786,0.56070113265,0.728093679588,0.99980735889,0.341960444359,0.433212703305,0.918577024337,HORA?A MARCIN,PiS,PiS
132,0.120350817786,0.719568319949,0.584917948709,0.741143892554,0.99980735889,0.387410903487,0.465682973889,0.927117446863,HRYNKIEWICZ JÓZEFA,PiS,PiS
133,0.746934345706,0.293896752906,0.573662709521,0.3575480559,0.99980735889,0.821267578501,0.62123187874,0.928209079818,HUSKOWSKI STANIS?AW,PO,UED
134,0.0653362358072,0.70414125599,0.563891328279,0.728835933946,0.99980735889,0.350661401143,0.436441811683,0.918705451743,JACH MICHA?,PiS,PiS
135,0.526335089093,0.544056014916,0.276320251863,0.577090071515,0.99980735889,0.641144930328,0.516997214348,0.898734990047,JACHNIK JERZY,Kukiz15,Kukiz15
136,0.177358996622,0.726588932002,0.601597208593,0.739573912937,0.99980735889,0.433201695242,0.496362446603,0.925512104283,JAKI PATRYK,PiS,PiS
137,0.583815925661,0.550488591516,0.305248120573,0.572739969913,0.99980735889,0.685237269633,0.561660673388,0.902138316317,JAKUBIAK MAREK,Kukiz15,Kukiz15
138,0.0501571630569,0.70247434473,0.560007245069,0.728231187613,0.99980735889,0.340098246966,0.431140970483,0.917934887305,JANCZYK WIES?AW,PiS,PiS
139,0.0690868754333,0.71626421767,0.573841702905,0.744924011577,0.99980735889,0.360325563475,0.451179468127,0.917742246195,JANIK GRZEGORZ,PiS,PiS
140,0.404017240348,0.586004189418,0.54600870709,0.594941664409,0.74869967251,0.412306556219,0.535358052551,0.596770050729,JANOWSKA MA?GORZATA,PiS,PiS
141,0.714959093225,0.1421575646,0.540232180484,0.299267577003,0.999614717781,0.789809285301,0.575734635343,0.908110190715,JANYSKA MARIA MA?GORZATA,PO,PO
142,0.719443549626,0.229177720315,0.524416032962,0.240051753568,0.999711038336,0.786547229179,0.581730819214,0.908142297566,JAROS MICHA?,PO,N
143,0.693369964667,0.274617679427,0.515905388984,0.332242305989,0.99980735889,0.773373787966,0.573369736387,0.909972388108,JARUBAS KRYSTIAN,PO,UED
144,0.488253918188,0.503775014159,0.498651512233,0.505655392575,0.512521672125,0.512521672125,0.49499133115,0.512521672125,JASI?SKI WOJCIECH,PiS,
145,0.566031769706,0.526279594398,0.290857083838,0.535896620265,0.99980735889,0.669646182495,0.523815257176,0.900211905221,JASKÓ?A TOMASZ,Kukiz15,Kukiz15
146,0.398179215503,0.55329914497,0.518129150888,0.554561561171,0.617222115199,0.617222115199,0.462553778976,0.617222115199,JAWORSKI ANDRZEJ,PiS,
147,0.263520405831,0.740852880486,0.638354779447,0.748202808988,0.99980735889,0.500818724716,0.537208324542,0.938354844924,JURGIEL KRZYSZTOF,PiS,PiS
148,0.537452833398,0.549442464627,0.313322158631,0.580025599222,0.99980735889,0.642702112631,0.523681478628,0.915558980286,JÓZWIAK BARTOSZ,Kukiz15,Kukiz15
149,0.11453801099,0.714216618899,0.576062493606,0.736389033868,0.99980735889,0.398108906441,0.460136973945,0.919026520259,J?DRYSEK MARIUSZ ORION,PiS,PiS
150,0.575014595376,0.563318004369,0.311568003124,0.578849572604,0.99980735889,0.683371861555,0.566759394312,0.906312207025,KACZMARCZYK NORBERT,Kukiz15,Kukiz15
151,0.106768735619,0.707162004661,0.576340379891,0.729087401295,0.988345212868,0.351560392988,0.461916687307,0.90640852758,KACZOROWSKA ALICJA,PiS,PiS
152,0.151937575321,0.733297858061,0.608034451772,0.748160608672,0.99980735889,0.424365889681,0.486916534417,0.926475309831,KACZY?SKI JAROS?AW,PiS,PiS
153,0.0463356847418,0.701957326009,0.559982412012,0.728112314833,0.99980735889,0.334222693123,0.429741799757,0.917934887305,KALETA PIOTR,PiS,PiS
154,0.742296239722,0.249610981447,0.56820053866,0.365185760014,0.999711038336,0.797848840943,0.60820276547,0.924966287806,KAMI?SKA BO?ENA,PO,PO
155,0.150458836034,0.728952549531,0.596884382146,0.744809157588,0.99980735889,0.421351056315,0.486955062639,0.925704745393,KAMI?SKI MARIUSZ,PiS,PiS
156,0.766057517627,0.336262232881,0.597269260984,0.397013220704,0.99980735889,0.815957105246,0.628817810435,0.917292750273,KAMI?SKI MICHA?,PO,UED
157,0.733790896093,0.191525270364,0.54544288898,0.333536828391,0.999614717781,0.800844410197,0.597692128929,0.923200410968,KARPI?SKI W ?ODZIMIERZ,PO,PO
158,0.687345071256,0.252113130138,0.498152190246,0.312338752175,0.99980735889,0.750841199512,0.559474579018,0.909843960701,KASPRZAK MIECZYS?AW,PO,UED
159,0.111531983804,0.720498045074,0.585556736037,0.743293988102,0.99980735889,0.383333333333,0.472065204429,0.920696076543,KEMPA BEATA,PiS,PiS
160,0.702227889637,0.149194696392,0.531196387175,0.287370823374,0.99980735889,0.77063828421,0.565290658741,0.912476722533,KIDAWA-B?O?SKA MA?GORZATA,PO,PO
161,0.696623247904,0.131473690077,0.514199987983,0.287065526679,0.999711038336,0.768522442689,0.555276608171,0.908078083863,KIERWI?SKI MARCIN,PO,PO
162,0.0541334885149,0.703397675966,0.561513089511,0.728550451968,0.99980735889,0.342024658062,0.433897955252,0.917613818789,KILIAN JAN,PiS,PiS
163,0.0945624885184,0.69256434827,0.542676142645,0.716399188453,0.99980735889,0.357567584923,0.415839915238,0.916072689912,KLAWITER JAN,PiS,niez.
164,0.127827906018,0.719867355588,0.586591918964,0.738307957218,0.99980735889,0.396975534579,0.469514315069,0.927952225005,KLOC IZABELA,PiS,PiS
165,0.703726362778,0.160749094491,0.535758232132,0.312177174706,0.99980735889,0.777640788544,0.57288683405,0.910999807359,KLUZIK-ROSTKOWSKA JOANNA,PO,PO
166,0.527944337917,0.482818344436,0.231097322124,0.514225769069,0.99980735889,0.635988569961,0.498189632239,0.902908880755,KOBYLARZ ANDRZEJ,Kukiz15,Kukiz15
167,0.738092577747,0.325253016471,0.548893090011,0.225457720054,0.99980735889,0.790868811404,0.584697415857,0.90701855776,KOBYLI?SKI PAWE?,N,N
168,0.711949979432,0.166487563807,0.528192625382,0.306981176609,0.99980735889,0.778315032428,0.574819437182,0.916008476209,KOCHAN MAGDALENA,PO,PO
169,0.690398299534,0.0949899129036,0.504867328765,0.258475277381,0.99980735889,0.764573299942,0.541993468549,0.906504848135,KONWI?SKI ZBIGNIEW,PO,PO
170,0.704892083035,0.145533922208,0.529152368459,0.290454189962,0.99980735889,0.773495794002,0.567756770723,0.909201823669,KOPACZ EWA,PO,PO
171,0.0586171251511,0.707774145895,0.567279277175,0.73090028179,0.99980735889,0.348831310602,0.438052352515,0.917100109163,KOPCI?SKA JOANNA,PiS,PiS
172,0.711364509322,0.172440980771,0.542156742426,0.313742926364,0.99980735889,0.776321196943,0.587255643926,0.917100109163,KOROL ADAM,PO,PO
173,0.750221833977,0.308844918624,0.590277795143,0.428031771052,0.99980735889,0.78397225968,0.639779548241,0.915494766583,KORZENIOWSKI LESZEK,PO,PO
174,0.697557456366,0.123675869358,0.515396675821,0.281150041344,0.999614717781,0.768843511205,0.553779511548,0.90862390034,KOSECKI ROMAN JACEK,PO,PO
175,0.562876363821,0.402919866416,0.493502864476,0.418405380984,0.710942015026,0.57965388814,0.517376228087,0.668882039427,KOSINIAK-KAMYSZ W ?ADYS?AW,PO,UED
176,0.617316887031,0.348124596019,0.503210388456,0.388572695135,0.78876902331,0.674404417903,0.541798304758,0.745232132537,KOSINIAK-KAMYSZ W?ADYS?AW,PO,
177,0.0837361165291,0.704550866612,0.565110784089,0.725224163548,0.99980735889,0.370583702562,0.447809089603,0.918384383227,KOSSAKOWSKI WOJCIECH,PiS,PiS
178,0.698065696042,0.136381419534,0.522579770427,0.283861266719,0.999614717781,0.772022089514,0.562069424187,0.908110190715,KOSTU? TOMASZ,PO,PO
179,0.0509819104762,0.702889698099,0.559133058374,0.727984280018,0.99980735889,0.339006614011,0.430943207566,0.917356963976,KOSZTOWNIAK ANDRZEJ,PiS,PiS
180,0.693395929953,0.31636140088,0.518646020254,0.362371232611,0.99980735889,0.763443138766,0.573472936982,0.910293456624,KOTOWSKI KAZIMIERZ,PO,UED
181,0.104561209251,0.721617388394,0.588842153739,0.745815145027,0.99980735889,0.385516599242,0.466216712075,0.923393052077,KOWALCZYK HENRYK,PiS,PiS
182,0.0932045374613,0.708230697352,0.572082019409,0.73006233971,0.99980735889,0.369199897258,0.445548002801,0.92043922173,KOWNACKI BARTOSZ,PiS,PiS
183,0.0568144849145,0.702014950205,0.56290796536,0.727114948471,0.99980735889,0.343951069158,0.434475955026,0.917678032492,KOZANECKA EWA,PiS,PiS
184,0.522628677603,0.464304582892,0.211927791375,0.496204237718,0.99980735889,0.638040197778,0.48774726098,0.898670776344,KOZ?OWSKI JERZY,Kukiz15,Kukiz15
185,0.707829432004,0.162798426549,0.528993574123,0.315397599736,0.99980735889,0.772600012843,0.57390217501,0.906569061838,KO?ACZ-LESZCZY?SKA AGNIESZKA,PO,PO
186,0.050002780632,0.701935392125,0.560513255969,0.728049780853,0.99980735889,0.340451422334,0.431626930616,0.917100109163,KO?AKOWSKI LECH,PiS,PiS
187,0.0487925483161,0.702628510061,0.559579957516,0.728629882623,0.99980735889,0.337613176652,0.430538584791,0.918127528415,KO?AKOWSKI ROBERT,PiS,PiS
188,0.690915481554,0.122666718676,0.50926135408,0.276493327083,0.988152571759,0.754395427984,0.552803539704,0.896005907661,KO?ODZIEJ EWA,PO,PO
189,0.37680138636,0.555127077303,0.516004058982,0.558334622352,0.655461375458,0.598246965903,0.449823412316,0.655461375458,KRACZKOWSKI MAKS,PiS,
190,0.0500350788166,0.701971894966,0.560150651734,0.728383141705,0.99980735889,0.338358055609,0.431067124724,0.917870673602,KRAJEWSKI JAROS?AW,PiS,PiS
191,0.0618048389681,0.707714108114,0.56714492549,0.730442427474,0.99980735889,0.343854748603,0.433358865925,0.917806459899,KRAJEWSKI WIES?AW,PiS,PiS
192,0.0806185894102,0.706262136649,0.565938015164,0.730713767932,0.99980735889,0.364403133629,0.446170569942,0.917613818789,KRASULSKI LEONARD,PiS,PiS
193,0.691623319064,0.107750486428,0.513050548449,0.269341676434,0.99980735889,0.7657291466,0.548356511422,0.906761702947,KROPIWNICKI ROBERT,PO,PO
194,0.101225283479,0.709123959291,0.573837680355,0.728800650896,0.99980735889,0.374873177936,0.447113823376,0.920310794324,KRUK EL?BIETA,PiS,PiS
195,0.0573984398401,0.703127355552,0.561648626627,0.727889425094,0.99980735889,0.344355615488,0.43395551825,0.917549605086,KRUPKA ANNA,PiS,PiS
196,0.0455658575981,0.700577332998,0.557518522527,0.72673510494,0.99980735889,0.335410646632,0.428202046888,0.916971681757,KRYJ ANDRZEJ,PiS,PiS
197,0.047178468872,0.701886901012,0.55792366355,0.727899092249,0.99980735889,0.336534386438,0.429005864852,0.917421177679,KRYNICKA BERNADETA,PiS,PiS
198,0.686558950031,0.0958195058706,0.497854762106,0.25512956533,0.99980735889,0.761394721634,0.54128971694,0.906055352212,KRZYWONOS-STRYCHARSKA HENRYKA,PO,PO
199,0.715525328706,0.147688447209,0.538425803284,0.301288531624,0.99980735889,0.789424003082,0.576030706381,0.906247993322,KRZ?KA?A MAREK,PO,PO
200,0.0534482969794,0.702785249695,0.561255462685,0.727993160468,0.99980735889,0.342082450395,0.433972947684,0.918127528415,KRÓL PIOTR,PiS,PiS
201,0.714839835304,0.155519458679,0.53296287009,0.30165188594,0.999711038336,0.7819559494,0.573761669312,0.915013163809,KRÓL WOJCIECH,PO,PO
202,0.0451903332105,0.70128335576,0.557281434409,0.727445342038,0.99980735889,0.333580556091,0.427632838276,0.916907468054,KUBIAK DARIUSZ,PiS,PiS
203,0.313368949918,0.611781074081,0.538914334248,0.629087512301,0.707956077827,0.346118281641,0.517647836763,0.656328260451,KUBIAK MARTA,PiS,PiS
204,0.0866498313884,0.716025953487,0.579471477689,0.739305549765,0.99980735889,0.371819816349,0.457083535912,0.916779040647,KUBÓW KRZYSZTOF,PiS,PiS
205,0.716826485617,0.167884938795,0.537693105849,0.31337629452,0.999614717781,0.790207410261,0.573643867744,0.911963012907,KUCHARSKI TOMASZ,PO,PO
206,0.0645721456177,0.696561214308,0.563163859239,0.72153353296,0.99980735889,0.349280806524,0.43802238612,0.915944262506,KUCHCI?SKI MAREK,PiS,PiS
207,0.610655009411,0.54352932737,0.314085995377,0.568425711115,0.99980735889,0.687828292558,0.550174829451,0.914595774738,KUKIZ PAWE?,Kukiz15,Kukiz15
208,0.582063667236,0.564709945041,0.395129702694,0.561151413685,0.99980735889,0.71172221152,0.563985438778,0.910550311436,KULESZA JAKUB,Kukiz15,Kukiz15
209,0.0633320776042,0.704910714772,0.564740544835,0.727898745527,0.99980735889,0.349261542413,0.436254674605,0.919347588775,KURZ?PA JACEK,PiS,PiS
210,0.0595486773232,0.701554759426,0.560428530762,0.726818027973,0.99980735889,0.346102228215,0.434150758486,0.91864123804,KWIECIE? ANNA,PiS,PiS
211,0.0455575976879,0.701718120243,0.559536266361,0.727359362244,0.99980735889,0.33517305593,0.429344745026,0.917742246195,KWITEK MAREK,PiS,PiS
212,0.68847646606,0.365462445374,0.551868735954,0.390118819629,0.99980735889,0.752289218519,0.592101561616,0.921916136904,K?OPOTEK EUGENIUSZ,PO,UED
213,0.49027307614,0.501400372276,0.497419034239,0.50333681922,0.510113658255,0.510113658255,0.495440827072,0.510113658255,K?OSOWSKI S?AWOMIR,PiS,
214,0.706405510108,0.138503758648,0.526241175312,0.28888625333,0.999711038336,0.768252745136,0.564699663337,0.90621588647,LAMCZYK STANIS?AW,PO,PO
215,0.713821462107,0.159493870403,0.538886168105,0.310400604273,0.999711038336,0.780986322481,0.582694101207,0.908334938676,LASSOTA JÓZEF,PO,PO
216,0.0598066241906,0.701749111016,0.561459947996,0.725838951348,0.99980735889,0.345363770629,0.436013567438,0.918448596931,LATOS TOMASZ,PiS,PiS
217,0.0468007131303,0.702495179323,0.558659430826,0.728153815627,0.99980735889,0.334543761639,0.428382151037,0.916971681757,LATOSI?SKI BOGDAN,PiS,PiS
218,0.695339314597,0.12844133053,0.510582967471,0.280436137724,0.999711038336,0.770577281192,0.554436555332,0.915719514544,LENARTOWICZ GABRIELA,PO,PO
219,0.713203364061,0.220973470902,0.549192941871,0.350546570837,0.99980735889,0.784251589289,0.590440796495,0.929750208695,LENZ TOMASZ,PO,PO
220,0.702588377649,0.131197021417,0.519976825219,0.286090978277,0.99980735889,0.776818853143,0.560762293102,0.906825916651,LESZCZYNA IZABELA,PO,PO
221,0.0506523631142,0.700812603742,0.558623416312,0.726619188208,0.99980735889,0.339102934566,0.430653405008,0.917164322867,LE?NIAK JÓZEF,PiS,PiS
222,0.0494874995044,0.701329426711,0.560714479036,0.727241002854,0.99980735889,0.338268156425,0.430447080264,0.919026520259,LICHOCKA JOANNA,PiS,PiS
223,0.725714105133,0.268201365996,0.535338944833,0.17384531168,0.99980735889,0.791957233674,0.581195246351,0.919925512104,LIEDER EWA,N,N
224,0.0562240774416,0.702836083003,0.561120095834,0.728604920694,0.99980735889,0.343437359533,0.432892017014,0.917100109163,LIPIEC KRZYSZTOF,PiS,PiS
225,0.292213633073,0.735567407799,0.619950682379,0.741772218744,0.99980735889,0.555178835163,0.54021176762,0.932575611636,LIPI?SKI ADAM,PiS,PiS
226,0.568673108702,0.459922394903,0.30213295244,0.488081594357,0.99980735889,0.675097925897,0.492881222996,0.903294162974,LIROY-MARZEC PIOTR,Kukiz15,niez.
227,0.106821594699,0.714540587564,0.573305180668,0.734117451015,0.99980735889,0.3823669171,0.456416630738,0.920118153214,LISIECKI PAWE?,PiS,PiS
228,0.755900770977,0.384538714128,0.595058190921,0.273026255772,0.99980735889,0.801842933282,0.627330040088,0.918255955821,LUBCZYK RADOS?AW,N,N
229,0.727678493692,0.301812295825,0.547922691324,0.192238801166,0.99980735889,0.796429718102,0.596562044197,0.915173698067,LUBNAUER KATARZYNA,N,N
230,0.0498998272455,0.700438005122,0.559549469379,0.725568919296,0.99980735889,0.338454376164,0.430335470732,0.91722853657,MACHA?EK MARZENA,PiS,PiS
231,0.531201444262,0.479582274216,0.232116660962,0.51449783954,0.99980735889,0.652603865665,0.494916491608,0.903936300006,MACIEJEWSKI ANDRZEJ,Kukiz15,Kukiz15
232,0.0747115358016,0.706018507228,0.565331278084,0.731446634654,0.99980735889,0.359362357927,0.441829264937,0.918255955821,MACIEJEWSKI KRZYSZTOF,PiS,PiS
233,0.140164691791,0.725756233372,0.596746511769,0.743434407185,0.99980735889,0.412149232646,0.47972352943,0.92544789058,MACIEREWICZ ANTONI,PiS,PiS
234,0.150057594115,0.740645006306,0.61398045197,0.766753260704,0.99980735889,0.431676619791,0.504006094186,0.925833172799,MALIK EWA,PiS,PiS
235,0.750126828449,0.359083418968,0.570118948484,0.410417957366,0.99980735889,0.801614974636,0.618703387732,0.9318692609,MALISZEWSKI MIROS?AW,PO,UED
236,0.692916736086,0.111404937712,0.508342966584,0.272119104406,0.99980735889,0.766403390484,0.550834548807,0.905926924806,MARCHEWKA ARKADIUSZ,PO,PO
237,0.0804168157333,0.710424525235,0.569272584438,0.73078310718,0.99980735889,0.362303345534,0.446344176276,0.918255955821,MAS?OWSKA GABRIELA,PiS,PiS
238,0.539698732571,0.505482952839,0.244506916917,0.539655387888,0.99980735889,0.636460540679,0.519595958206,0.899248699673,MAS?OWSKI MACIEJ,Kukiz15,Kukiz15
239,0.0591917603433,0.702141958127,0.562076329804,0.727534074005,0.99980735889,0.345453669813,0.435894160528,0.918127528415,MATERNA JERZY,PiS,PiS
240,0.10112730628,0.721453879653,0.582557946867,0.740220946572,0.99980735889,0.38287099467,0.45706817049,0.934052526809,MATEUSIAK-PIELUCHA BEATA,PiS,PiS
241,0.0480448482441,0.701860518896,0.559281032407,0.727285790438,0.99980735889,0.337324214987,0.429705488437,0.917292750273,MATUSIAK GRZEGORZ,PiS,PiS
242,0.0547964331681,0.703398491792,0.559692418446,0.727674238275,0.99980735889,0.341087137995,0.431566156932,0.917485391383,MATUSIEWICZ ANDRZEJ,PiS,PiS
243,0.0587259281028,0.703084927513,0.561976984689,0.727878947958,0.99980735889,0.344246452193,0.435900811233,0.918962306556,MATUSZEWSKI MAREK,PiS,PiS
244,0.0675156463969,0.707566644152,0.566616608495,0.731398861009,0.99980735889,0.344349194118,0.441383438369,0.917549605086,MATUSZNY KAZIMIERZ,PiS,PiS
245,0.0576555514886,0.700184975426,0.560644831361,0.725993903001,0.99980735889,0.344400565081,0.433393189678,0.918320169524,MAZUREK BEATA,PiS,PiS
246,0.744036488426,0.232455946013,0.5671791692,0.359186570802,0.999711038336,0.793395620625,0.602214684757,0.91963655044,MA?ECKA-LIBERA BEATA,PO,PO
247,0.0670125856166,0.706170055603,0.563679855691,0.730688269392,0.99980735889,0.35200988891,0.437220173499,0.918705451743,MA?ECKI JERZY,PiS,PiS
248,0.0660130718316,0.706964886084,0.564971199036,0.730124978272,0.99980735889,0.353859243563,0.438243158947,0.917999101008,MA?ECKI MACIEJ,PiS,PiS
249,0.15774005715,0.657082239175,0.550007060421,0.681973016046,0.900886149104,0.251130161176,0.470169065507,0.819912669364,MELAK ANDRZEJ,PiS,PiS
250,0.732523795308,0.310415383078,0.559818333046,0.228912045611,0.99980735889,0.790445000963,0.608166224815,0.908238618121,MEYSZTOWICZ JERZY,N,N
251,0.0932501699623,0.712020150274,0.567442447365,0.735775958649,0.99980735889,0.376924805754,0.452094972067,0.918320169524,MIAZGA MIECZYS?AW,PiS,PiS
252,0.0568757276712,0.703131581217,0.561712075078,0.728331883074,0.99980735889,0.343597893791,0.433586671681,0.91684325435,MICHA?EK IWONA,PiS,PiS
253,0.112230328388,0.720299457535,0.588052252299,0.741275360212,0.99980735889,0.398275862069,0.46812041904,0.919283375072,MICHA?KIEWICZ KRZYSZTOF,PiS,PiS
254,0.736855154768,0.263829983033,0.535001596189,0.20982606399,0.99980735889,0.790811019071,0.59596332786,0.914531561035,MIESZKOWSKI KRZYSZTOF,N,N
255,0.0555005869557,0.702405189297,0.56053233373,0.727927797348,0.99980735889,0.343276825275,0.432656872548,0.917292750273,MILCZANOWSKA ANNA,PiS,PiS
256,0.104041525383,0.720269873958,0.581949064024,0.746180344368,0.99980735889,0.38786682078,0.465310763746,0.921145572465,MILEWSKI DANIEL,PiS,PiS
257,0.716775686058,0.174514633548,0.542206210298,0.320990593414,0.99980735889,0.783002632762,0.576499848639,0.91703589546,MILLER RAJMUND,PO,PO
258,0.747161055237,0.337341424844,0.57092908886,0.254421638353,0.99980735889,0.801444808322,0.6306154119,0.925576317986,MISI?O PIOTR,N,N
259,0.335757510038,0.7331794043,0.589856823528,0.747522173229,0.99980735889,0.366416233224,0.548334189516,0.921466640981,MORAWIECKI KORNEL,PiS,WiS
260,0.646990536716,0.627818802251,0.388174118546,0.651040252685,0.99980735889,0.722352790085,0.615650561258,0.896551724138,MORDAK ROBERT,Kukiz15,Kukiz15
261,0.0714916621648,0.706201654552,0.569198067903,0.732359167841,0.99980735889,0.356793809799,0.443139071592,0.918384383227,MOSI?SKI JAN,PiS,PiS
262,0.0454241357789,0.69980427305,0.558067444417,0.726248202842,0.99980735889,0.334896937006,0.428187981029,0.917485391383,MOSKAL KAZIMIERZ,PiS,PiS
263,0.530116245084,0.460458177953,0.565762158729,0.496383407752,0.99980735889,0.614457715276,0.562233704244,0.918898092853,MO?D?ANOWSKA AND?ELIKA,PO,PiS
264,0.699324975429,0.129413610915,0.518626546895,0.281373060821,0.99980735889,0.771874397997,0.559498353377,0.915751621396,MROCZEK CZES?AW,PO,PO
265,0.688875838603,0.0945845544236,0.504761860245,0.259643638514,0.99980735889,0.762550568291,0.543897557739,0.906633275541,MRZYG?OCKA IZABELA KATARZYNA,PO,PO
266,0.0844918997779,0.707024804329,0.560148984651,0.728006313042,0.99980735889,0.35200988891,0.441766197907,0.91562319399,MRÓWCZY?SKI ALEKSANDER,PiS,PiS
267,0.716472820169,0.151666190189,0.532794577336,0.300997074651,0.99980735889,0.784736402748,0.573777646293,0.917100109163,MUCHA JOANNA,PO,PO
268,0.0977333255257,0.7244203428,0.584845834933,0.748816790436,0.99980735889,0.381689462531,0.462505924479,0.917356963976,MULARCZYK ARKADIUSZ,PiS,PiS
269,0.742842683788,0.271043798985,0.580747952686,0.380607589728,0.99980735889,0.808598214859,0.62031652769,0.907403839979,MUNYAMA KILLION,PO,PO
270,0.0639733592405,0.708215130218,0.566910422905,0.731606747639,0.99980735889,0.352420856611,0.43800220467,0.916650613241,MURDZEK WOJCIECH,PiS,PiS
271,0.706683071377,0.153367939961,0.526333497157,0.296978198391,0.99980735889,0.779059911385,0.561982353463,0.907660694792,MYRCHA ARKADIUSZ,PO,PO
272,0.694459173444,0.118085899232,0.511988585076,0.27454238447,0.99980735889,0.759956334682,0.551377307489,0.907596481089,M??YD?O ANTONI,PO,PO
273,0.709453301593,0.135422394183,0.525244113319,0.29171510099,0.999711038336,0.780658832595,0.570282356826,0.923874654851,M?Y?CZAK ALDONA,PO,PO
274,0.114576429886,0.714535736333,0.58861914427,0.733373312317,0.99980735889,0.386845822899,0.467482333587,0.926796378347,NAIMSKI PIOTR,PiS,PiS
275,0.713059728334,0.158266883579,0.530547044228,0.305953436272,0.99980735889,0.784694663841,0.575960529977,0.930777627946,NEM? ANNA,PO,PO
276,0.693760081388,0.115412513924,0.512090753417,0.276772458391,0.99980735889,0.768345855005,0.554395275095,0.906183779619,NEUMANN S?AWOMIR,PO,PO
277,0.718955265376,0.154119962501,0.529352906924,0.303641342498,0.99980735889,0.779079175496,0.570375925365,0.908431259231,NIEDZIELA DOROTA,PO,PO
278,0.703680342179,0.150701124921,0.521120599004,0.297336139172,0.99980735889,0.760261349772,0.564637666535,0.911706158094,NIEMCZYK MA?GORZATA,PO,PO
279,0.727814965699,0.239368669927,0.543834431713,0.30920550921,0.99980735889,0.786033519553,0.581722563166,0.914788415848,NIESIO?OWSKI STEFAN,PO,UED
280,0.725292212646,0.207220416064,0.550959756462,0.334940684986,0.99980735889,0.793324985552,0.586786425223,0.924356257625,NITRAS S?AWOMIR,PO,PO
281,0.690779153786,0.106627271657,0.509766690629,0.266912898168,0.99980735889,0.766467604187,0.548843541783,0.906376420728,NOWAK TOMASZ PIOTR,PO,PO
282,0.698860885134,0.129111941555,0.518267103943,0.27964568755,0.99980735889,0.773916393758,0.552623894225,0.907660694792,NYKIEL MIROS?AWA,PO,PO
283,0.699216339783,0.123712385588,0.515350113741,0.27912164261,0.99980735889,0.769260900276,0.554772454156,0.906504848135,NYKIEL W ?ODZIMIERZ,PO,PO
284,0.708336533622,0.175354203821,0.542876818122,0.305013829679,0.99980735889,0.767764720991,0.578787461816,0.906247993322,OBRYCKI NORBERT,PO,PO
285,0.700139817362,0.179163776657,0.544963275065,0.304063760713,0.99980735889,0.769877351827,0.57373300248,0.910165029217,OK?A-DREWNOWICZ MARZENA,PO,PO
286,0.091706484489,0.70088704404,0.57056673077,0.723312314171,0.982854941244,0.342474153984,0.451223729715,0.901945675207,OLEJNICZAK WALDEMAR,PiS,PiS
287,0.725420392154,0.19241397566,0.549375477805,0.332492984275,0.999711038336,0.78297052591,0.59447379928,0.918159635266,OLSZEWSKI PAWE?,PO,PO
288,0.0543749067533,0.703374213289,0.558724474023,0.7286194559,0.99980735889,0.340258781224,0.432049823718,0.919090733963,OLSZÓWKA PIOTR,PiS,PiS
289,0.114856312109,0.72018191112,0.584937191588,0.740250141219,0.99980735889,0.375640531689,0.479147058554,0.917485391383,OPIO?A MAREK,PiS,PiS
290,0.739886623562,0.245355680285,0.580086862062,0.372215328241,0.99980735889,0.799463815578,0.600449725257,0.919026520259,OSOS KATARZYNA,PO,PO
291,0.0683533308699,0.705005766102,0.56157447228,0.730284935493,0.99980735889,0.35059718744,0.43625131103,0.912797791049,OSTROWSKI KRZYSZTOF,PiS,PiS
292,0.0697859982974,0.715534270565,0.573293347571,0.743825867814,0.99980735889,0.360807166249,0.450940960087,0.917613818789,OSUCH JACEK,PiS,PiS
293,0.192823522138,0.727893424363,0.590468493235,0.74853856271,0.99980735889,0.47644962435,0.496315662334,0.942528735632,O?DAKOWSKI ADAM,PiS,PiS
294,0.0667984064981,0.705306808695,0.564378182498,0.728932544054,0.99980735889,0.352170423168,0.439904076959,0.919476016182,PALUCH ANNA,PiS,PiS
295,0.726290395382,0.275322815518,0.539725946541,0.194955798729,0.99980735889,0.786938932768,0.593530775182,0.907724908495,PAMPUCH MIROS?AW,N,N
296,0.721439601446,0.174680399681,0.531196918914,0.325734451253,0.99980735889,0.766679509407,0.581924912776,0.912540936236,PAPKE PAWE?,PO,PO
297,0.577216861382,0.470986455578,0.253327318277,0.508776475718,0.99980735889,0.679104860977,0.517729556344,0.902780453349,PARDA B?A?EJ,Kukiz15,Kukiz15
298,0.707119809551,0.3097039729,0.537988995136,0.355121961538,0.99980735889,0.763298657934,0.576563068559,0.920888717652,PASZYK KRZYSZTOF,PO,UED
299,0.774381808196,0.450507310516,0.614606680533,0.483236517544,0.99980735889,0.829175496051,0.674560518357,0.93848327233,PAS?AWSKA URSZULA,PO,UED
300,0.0548372019948,0.702526535653,0.56027428581,0.728122395926,0.99980735889,0.342910807166,0.432256530687,0.917292750273,PAUL JERZY,PiS,PiS
301,0.0920841493591,0.711425666078,0.574443558748,0.735335716737,0.99980735889,0.368352276376,0.456621120804,0.918705451743,PAW ?OWICZ KRYSTYNA,PiS,PiS
302,0.728943918915,0.284131309823,0.576940905949,0.396779881845,0.99980735889,0.785462017595,0.587356780508,0.914659988442,PAW ?OWICZ ZBIGNIEW,PO,PO
303,0.754487353767,0.375110456213,0.591312656618,0.265650487341,0.99980735889,0.823951711295,0.626980916299,0.933538817184,PETRU RYSZARD,N,N
304,0.70961319242,0.17423086472,0.5356704508,0.320072028202,0.99980735889,0.783079689206,0.563679429905,0.921338213575,PIECHOTA S?AWOMIR JAN,PO,PO
305,0.209496020799,0.64084486913,0.548492836813,0.665173488625,0.833943363514,0.258514737045,0.498668100773,0.75130032749,PIECHOWIAK GRZEGORZ,PiS,PiS
306,0.711483001699,0.153859266325,0.524391458962,0.301068658927,0.99980735889,0.762357927182,0.573487002841,0.912412508829,PIETRASZEWSKA DANUTA,PO,PO
307,0.0635499036839,0.70598100769,0.565891881175,0.730460977508,0.99980735889,0.351534707507,0.438098525225,0.917934887305,PIONTKOWSKI DARIUSZ,PiS,PiS
308,0.0522743698002,0.701472721706,0.560510012854,0.727713250182,0.99980735889,0.339045142233,0.431546663487,0.91722853657,PIOTROWICZ STANIS?AW,PiS,PiS
309,0.753438917246,0.239767593092,0.586277404234,0.370052593925,0.99980735889,0.824587426957,0.62456525794,0.9218519232,PIOTROWSKA TERESA,PO,PO
310,0.0754296455066,0.706804721369,0.566770086065,0.72999188993,0.99980735889,0.361160341617,0.448208055456,0.917485391383,PI?TA STANIS?AW,PiS,PiS
311,0.694673002113,0.108050350868,0.508451886262,0.266032147447,0.99980735889,0.767003788608,0.548949112169,0.908174404418,PLOCKE KAZIMIERZ,PO,PO
312,0.0651841060449,0.705442665512,0.566895990507,0.729742720018,0.99980735889,0.349810569576,0.438691813976,0.918320169524,POLACZEK JERZY,PiS,PiS
313,0.0484106416828,0.701125958356,0.557856089206,0.726857314527,0.99980735889,0.337401271431,0.429012821336,0.917678032492,POLAK MAREK,PiS,PiS
314,0.0459410856064,0.70019054683,0.558516577586,0.72599109957,0.99980735889,0.335667501445,0.428534811472,0.91722853657,POLAK PIOTR,PiS,PiS
315,0.730539702739,0.215223306456,0.556410629494,0.335113769691,0.99980735889,0.788293841906,0.578325123153,0.914852629551,POMASKA AGNIESZKA,PO,PO
316,0.469227104432,0.602819838926,0.354233854632,0.621988837093,0.99980735889,0.537863610094,0.537353264044,0.905991138509,PORWICH JAROS?AW,Kukiz15,WiS
317,0.047494064261,0.701217070262,0.559066140282,0.72737659449,0.99980735889,0.33637385218,0.430178452939,0.917421177679,PORZUCEK MARCIN,PiS,PiS
318,0.709397100501,0.135952438838,0.529429082259,0.297043520189,0.99980735889,0.770211263084,0.571037020729,0.910036601811,PROTAS JACEK,PO,PO
319,0.753335792975,0.268693160031,0.566973630224,0.331992095642,0.99980735889,0.817623450844,0.613124975155,0.920952931356,PROTASIEWICZ JACEK,PO,UED
320,0.489236785941,0.502621579996,0.49834700056,0.504602746512,0.511365825467,0.511365825467,0.495280292814,0.511365825467,PSZCZÓ?KOWSKI PIOTR,PiS,
321,0.0473176371394,0.701496544625,0.559348239038,0.72764112318,0.99980735889,0.33637385218,0.430176618262,0.917356963976,PUDA GRZEGORZ,PiS,PiS
322,0.726431095509,0.290398035352,0.549698353436,0.211685408791,0.99980735889,0.787420535542,0.600123458489,0.907532267386,PUD?OWSKI PAWE?,N,N
323,0.0838786928205,0.710097603988,0.570418433102,0.736371658928,0.99980735889,0.34599306492,0.446598355518,0.918384383227,PYZIK PIOTR,PiS,PiS
324,0.686186299988,0.0988339673303,0.504026260636,0.259885616525,0.99980735889,0.760784691453,0.542053630673,0.906376420728,P?PEK MA?GORZATA,PO,PO
325,0.340577178857,0.675309078544,0.587192083056,0.681272795365,0.87333847043,0.385121684968,0.551475386276,0.794291401785,RACZAK GRZEGORZ,PiS,PiS
326,0.716360680433,0.16933062255,0.537463761974,0.320494108362,0.99980735889,0.7833622295,0.578576626824,0.923007769858,RADZISZEWSKA EL?BIETA,PO,PO
327,0.0837458256666,0.716382380092,0.579562977481,0.73841465496,0.99980735889,0.371684967572,0.45533730541,0.924420471329,RAFALSKA EL?BIETA,PiS,PiS
328,0.692873190866,0.114519678873,0.508638466264,0.271844882535,0.99980735889,0.766030951005,0.548822748775,0.909394464779,RANIEWICZ GRZEGORZ,PO,PO
329,0.705633698001,0.173507902309,0.526937635544,0.311021890996,0.999711038336,0.778870480961,0.563944693655,0.925608424838,RA? IRENEUSZ,PO,PO
330,0.537506448135,0.486844144443,0.229475027984,0.519325334232,0.99980735889,0.651171900083,0.49553875297,0.902459384833,ROMECKI STEFAN,Kukiz15,Kukiz15
331,0.717254843686,0.255821685633,0.529371136229,0.159039491868,0.99980735889,0.787545752264,0.581784865747,0.909651319592,ROSA MONIKA,N,N
332,0.733558691112,0.241377540928,0.552034307389,0.356969250905,0.99980735889,0.78476208823,0.574756140818,0.91703589546,ROZPONDEK HALINA,PO,PO
333,0.748096567798,0.331130132277,0.5781407972,0.237127670336,0.99980735889,0.804180312079,0.603269929946,0.923264624671,RUCI?SKI MAREK,N,N
334,0.0508548161436,0.701182267973,0.561377625709,0.726812061189,0.99980735889,0.339006614011,0.431457070082,0.917485391383,RUSECKA URSZULA,PiS,PiS
335,0.690715318703,0.105312758232,0.506047861147,0.26545173883,0.99980735889,0.762685417068,0.547987282629,0.906697489244,RUSZCZYK LESZEK,PO,PO
336,0.692179955386,0.10398579196,0.508952373566,0.264812910921,0.99980735889,0.764740255571,0.547156097397,0.908110190715,RUTKOWSKA DOROTA,PO,PO
337,0.697787431704,0.127550774074,0.516402847744,0.281656190445,0.99980735889,0.770464907211,0.552101164103,0.909073396263,RUTNICKI JAKUB,PO,PO
338,0.236002134243,0.607312292353,0.468425296374,0.632161706228,0.99980735889,0.496269183844,0.4415354108,0.914852629551,RZEPECKI ?UKASZ,PiS,Kukiz15
339,0.053744285835,0.700068097199,0.560863704495,0.726834677725,0.99980735889,0.342281512875,0.432470347029,0.918384383227,RZO?CA BOGDAN,PiS,PiS
340,0.548510753593,0.509529470899,0.260171801357,0.535042964723,0.99980735889,0.657933603031,0.499266129106,0.902652025942,RZYMKOWSKI TOMASZ,Kukiz15,Kukiz15
341,0.692882046665,0.126258656032,0.508728249469,0.276563806301,0.99980735889,0.765793360303,0.551230074641,0.905862711103,RZ?SA MAREK,PO,PO
342,0.565436692554,0.496147031634,0.259733460168,0.528005919076,0.99980735889,0.669777820587,0.512554084756,0.901945675207,SACHAJKO JAROS?AW,Kukiz15,Kukiz15
343,0.501396501563,0.705665462139,0.568461372817,0.701937363292,0.99980735889,0.657933603031,0.423187797562,0.924869967251,SANOCKI JANUSZ,niez.,niez.
344,0.0575270144075,0.703327800116,0.561866308005,0.728217101074,0.99980735889,0.346063699994,0.435211737042,0.917549605086,SASIN JACEK,PiS,PiS
345,0.702701349562,0.341540402674,0.546972441855,0.382678366188,0.99980735889,0.78315674565,0.602269801519,0.912733577345,SAWICKI MAREK,PO,UED
346,0.710201316039,0.149785280345,0.532917596463,0.300333861808,0.999711038336,0.77295318821,0.574226454211,0.912765684197,SCHETYNA GRZEGORZ,PO,PO
347,0.733765493239,0.313750457543,0.567153039612,0.205706845326,0.99980735889,0.80511462146,0.605168973773,0.928722789443,SCHEURING-WIELGUS JOANNA,N,N
348,0.747116385611,0.324733402451,0.571224667395,0.222405165877,0.99980735889,0.814293970333,0.611351530274,0.924163616516,SCHMIDT JOANNA,N,N
349,0.0698150016507,0.702055386168,0.563959158275,0.725327596395,0.99980735889,0.349184485969,0.441178260298,0.918127528415,SCHMIDT-RODZIEWICZ ANNA,PiS,PiS
350,0.0935863833456,0.712825569441,0.575974016308,0.735598941223,0.99980735889,0.372917870674,0.456581522354,0.92043922173,SCHREIBER GRZEGORZ,PiS,PiS
351,0.0567524957116,0.702750773981,0.561655779091,0.727567247584,0.99980735889,0.343212611571,0.434326887501,0.918512810634,SCHREIBER ?UKASZ,PiS,PiS
352,0.0515531418328,0.700661138166,0.560509870299,0.726522296297,0.99980735889,0.339208887177,0.431646347616,0.917742246195,SELLIN JAROS?AW,PiS,PiS
353,0.0782918051848,0.703675809311,0.566159377207,0.728953673394,0.99980735889,0.362605149939,0.441762681442,0.917613818789,SIARKA EDWARD,PiS,PiS
354,0.380509646425,0.591400303,0.391595026072,0.617114190762,0.99980735889,0.509205034354,0.502982802959,0.837988826816,SIARKOWSKA ANNA MARIA,PiS,PiS
355,0.709811924018,0.145830278039,0.532031380533,0.295851963418,0.99980735889,0.778488409427,0.574045585614,0.907403839979,SIBI?SKA KRYSTYNA,PO,PO
356,0.692049408114,0.101903540182,0.509844726775,0.265213109764,0.99980735889,0.764894368458,0.547423654494,0.906761702947,SIEMONIAK TOMASZ,PO,PO
357,0.589962103421,0.532803459694,0.296917188128,0.559407819072,0.99980735889,0.685298272651,0.555358480643,0.90040454633,SITARSKI KRZYSZTOF,Kukiz15,Kukiz15
358,0.69953445987,0.122621241662,0.514991692666,0.274523491014,0.99980735889,0.77014062801,0.552138545651,0.907275412573,SKOWRO?SKA KRYSTYNA,PO,PO
359,0.0517332283976,0.702593371202,0.561080648117,0.72832845695,0.99980735889,0.339648751043,0.432432889036,0.917613818789,SKURKIEWICZ WOJCIECH,PiS,PiS
360,0.574878543526,0.579337601239,0.311573363821,0.593274552588,0.99980735889,0.686868297695,0.532790192427,0.908688114044,SKUTECKI PAWE?,Kukiz15,Kukiz15
361,0.0798747933542,0.705016202134,0.559360758533,0.72498238642,0.99980735889,0.360168239902,0.441073683696,0.919604443588,SMIRNOW ANDRZEJ,PiS,PiS
362,0.0701145107179,0.707795406303,0.567749315411,0.730897024828,0.99980735889,0.352928144866,0.440260310122,0.919347588775,SMOLI?SKI KAZIMIERZ,PiS,PiS
363,0.0605653468156,0.704954817867,0.561388573735,0.729859200092,0.99980735889,0.344689526745,0.435013821235,0.918320169524,SOBECKA ANNA EL?BIETA,PiS,PiS
364,0.0724587781378,0.709237654004,0.571146915732,0.731336533902,0.99980735889,0.360325563475,0.445334339348,0.917934887305,SOBIERAJSKI CZES?AW,PiS,PiS
365,0.0523927236028,0.702685343471,0.558997689742,0.728549299627,0.99980735889,0.339167148269,0.430859576862,0.917421177679,SOBO? ARTUR,PiS,PiS
366,0.708310791189,0.176420005676,0.532089897473,0.320139245123,0.99980735889,0.779647466769,0.571205811034,0.906569061838,SONIK BOGUS?AW,PO,PO
367,0.671135907896,0.261969858946,0.502133802339,0.324664557673,0.99980735889,0.745334874462,0.551033381952,0.909266037372,SOSNOWSKI ZBIGNIEW,PO,UED
368,0.711726882194,0.178066727097,0.510594547984,0.218315081582,0.99980735889,0.782533872728,0.563575770641,0.906633275541,SOWA MAREK,PO,N
369,0.0915358295411,0.708375362656,0.570964275416,0.73287538754,0.99980735889,0.371903294163,0.441366773384,0.921402427278,SO?NIERZ ANDRZEJ,PiS,PiS
370,0.0539506515247,0.701620804077,0.559674409426,0.727116679243,0.99980735889,0.341889809285,0.431970244593,0.918898092853,SPRAWKA LECH,PiS,PiS
371,0.0951931721687,0.710770740359,0.573097449199,0.730923204457,0.99980735889,0.37995248186,0.451912268792,0.921916136904,STACHOWIAK-RÓ?ECKA MIROS?AWA,PiS,PiS
372,0.0456351684796,0.701023664684,0.557640433775,0.726694799316,0.99980735889,0.334672189045,0.427874786337,0.917421177679,STARZYCKI DARIUSZ,PiS,PiS
373,0.701549204063,0.209924822872,0.523351323546,0.197148463057,0.99980735889,0.772022089514,0.569443832885,0.908302831824,STASI?SKI MICHA?,N,PO
374,0.134682933098,0.656607030701,0.543904003338,0.682242710412,0.914082065113,0.254803185,0.457082007015,0.831760097605,STAWIARSKI BART?OMIEJ,PiS,PiS
375,0.0662023067113,0.704436831146,0.56470903854,0.72981885939,0.99980735889,0.344920696077,0.441321365122,0.917613818789,STAWIARSKI JAROS?AW,PiS,PiS
376,0.0876781665623,0.701819711645,0.564031491154,0.7219836061,0.988345212868,0.344057021768,0.433679246437,0.905445322032,STRZA?KOWSKI STEFAN,PiS,PiS
377,0.71967423468,0.267670170636,0.529750777422,0.183315690384,0.99980735889,0.780247864894,0.579419125899,0.908559686637,ST?PIE? EL?BIETA,N,N
378,0.711722343754,0.243599107221,0.519614739352,0.151859538008,0.99980735889,0.780003852822,0.572184917118,0.910550311436,SUCHO? MIROS?AW,N,N
379,0.0636443103686,0.708311536934,0.568621803233,0.731056053252,0.99980735889,0.353384062159,0.440275904878,0.916971681757,SUSKI MAREK,PiS,PiS
380,0.694289922708,0.11154358787,0.506723138521,0.267086532976,0.999711038336,0.765754832081,0.550292095905,0.906858023502,SUSKI PAWE?,PO,PO
381,0.108456150083,0.709402873474,0.581421479123,0.730252273864,0.99980735889,0.379991010082,0.459909932637,0.922494060232,SZARAMA WOJCIECH,PiS,PiS
382,0.0503113867137,0.700617217877,0.55980752891,0.727219490045,0.99980735889,0.337786553651,0.430910489156,0.91703589546,SZA?ABAWKA ARTUR,PiS,PiS
383,0.696953495666,0.124132748994,0.514236308688,0.278447293687,0.99980735889,0.771033198485,0.555793069813,0.907853335902,SZCZERBA MICHA?,PO,PO
384,0.069463652617,0.705471400651,0.564782600619,0.729388201964,0.99980735889,0.356954344057,0.440486434091,0.91864123804,SZCZUREK-?ELAZKO JÓZEFA,PiS,PiS
385,0.130639382407,0.725328171188,0.594047871602,0.746026783783,0.99980735889,0.417090477108,0.479909825614,0.91883387915,SZCZYPI?SKA JOLANTA,PiS,PiS
386,0.0852716270583,0.717037199318,0.579403759606,0.741493096794,0.99980735889,0.366169010467,0.451331211223,0.917742246195,SZEFERNAKER PAWE?,PiS,PiS
387,0.0813964670483,0.722318305369,0.578401917826,0.749801388018,0.99980735889,0.366650613241,0.459125531674,0.917164322867,SZEWCZAK JAN,PiS,PiS
388,0.0516252637553,0.702218785033,0.559362293042,0.728243005623,0.99980735889,0.337080202915,0.430224702094,0.916522185834,SZLACHETKA JAROS?AW,PiS,PiS
389,0.0691845569321,0.707117438668,0.558942216621,0.730438448793,0.99980735889,0.350244012072,0.43733254748,0.920503435433,SZLACHTA ANDRZEJ,PiS,PiS
390,0.52425606591,0.499583540772,0.231173346728,0.529072341451,0.99980735889,0.635767032685,0.505985175808,0.898349707828,SZRAMKA PAWE?,Kukiz15,Kukiz15
391,0.0455570365424,0.702413308809,0.556930895166,0.727870029052,0.99980735889,0.334896937006,0.427970189553,0.91722853657,SZULOWSKI KRZYSZTOF,PiS,PiS
392,0.708920378906,0.153595516147,0.527944448084,0.308335895539,0.99980735889,0.774571373531,0.570809214972,0.915558980286,SZUMILAS KRYSTYNA,PO,PO
393,0.0446552094091,0.700793894234,0.558112451202,0.727009442134,0.99980735889,0.333997945161,0.428157326631,0.916971681757,SZWED STANIS?AW,PiS,PiS
394,0.0557115054701,0.703615458167,0.561608195252,0.730758736139,0.99980735889,0.344496885635,0.434636795063,0.91722853657,SZYDE?KO HALINA,PiS,PiS
395,0.248539860301,0.765224554215,0.643166325398,0.773000597463,0.99980735889,0.489446477878,0.541390241963,0.938547486034,SZYD?O BEATA,PiS,PiS
396,0.727170261378,0.255718746308,0.571225221567,0.387756069598,0.99980735889,0.790676170295,0.617138484495,0.917613818789,SZYD?OWSKA BO?ENA,PO,PO
397,0.0587750472245,0.701436312425,0.555223766647,0.725136992441,0.99980735889,0.340258781224,0.429717566729,0.919925512104,SZYMA?SKA EWA,PiS,PiS
398,0.722425974148,0.169888333338,0.550569223519,0.31192336957,0.99980735889,0.788297052591,0.585603440631,0.912284081423,SZYMA?SKI TOMASZ,PO,PO
399,0.0727560502951,0.70683644506,0.569603443681,0.731673454549,0.99980735889,0.353724394786,0.436438371663,0.924292043922,SZYNKOWSKI VEL S?K SZYMON,PiS,PiS
400,0.180585656325,0.733995482643,0.604716333177,0.748364559725,0.99980735889,0.456893341039,0.485231994936,0.932896680152,SZYSZKO JAN,PiS,PiS
401,0.720469870703,0.262220892307,0.533248306156,0.170891212565,0.99980735889,0.786489436846,0.583976311259,0.910100815514,SZ?APKA ADAM,N,N
402,0.13334708819,0.733693715524,0.596559375091,0.75737140357,0.99980735889,0.407988184679,0.480930823495,0.919090733963,TARCZY?SKI DOMINIK,PiS,PiS
403,0.116018512252,0.713115662833,0.584856376791,0.733947885948,0.99980735889,0.39670262634,0.46387184168,0.929108071662,TCHÓRZEWSKI KRZYSZTOF,PiS,PiS
404,0.0761867746175,0.704545701825,0.570755637795,0.727622013811,0.99980735889,0.362412508829,0.441666819556,0.925576317986,TELUS ROBERT,PiS,PiS
405,0.0727333845765,0.706789702356,0.567776523253,0.730306909584,0.99980735889,0.358880755153,0.443320398859,0.919347588775,TERLECKI RYSZARD,PiS,PiS
406,0.0734967745546,0.711379418141,0.571273117178,0.734943283386,0.99980735889,0.357692801644,0.448625979641,0.929557567585,TOBISZOWSKI GRZEGORZ,PiS,PiS
407,0.674906449496,0.240469354438,0.487349461413,0.304142237147,0.99980735889,0.752061259873,0.546903599943,0.91042188403,TOKARSKA GENOWEFA,PO,UED
408,0.0656196792212,0.702647450649,0.560960615991,0.727607970343,0.99980735889,0.350128427406,0.43650296759,0.917356963976,TOMASZEWSKA EWA,PiS,PiS
409,0.732462300292,0.21543041597,0.56589970712,0.361339257653,0.999711038336,0.805397161754,0.6059740913,0.909298144224,TOMCZAK JACEK,PO,PO
410,0.706777088122,0.139390943041,0.521536947421,0.287567909481,0.99980735889,0.779862582675,0.560522791278,0.920053939511,TOMCZYK CEZARY,PO,PO
411,0.509473658853,0.505984285107,0.508784859706,0.507870765336,0.510113658255,0.510113658255,0.508540422526,0.510113658255,TOMCZYKIEWICZ TOMASZ,PO,
412,0.739454058722,0.289972833417,0.545775373524,0.195252880258,0.99980735889,0.786434855198,0.59547538016,0.90881654145,TRUSKOLASKI KRZYSZTOF,N,N
413,0.711271640099,0.16226797814,0.535931935013,0.309292675032,0.99980735889,0.774006292943,0.574638415695,0.913889424003,TRZASKOWSKI RAFA?,PO,PO
414,0.0443252454919,0.70065041555,0.558322808375,0.72700667128,0.99980735889,0.334479547936,0.428428858861,0.917613818789,TU?AJEW SYLWESTER,PiS,PiS
415,0.62299774861,0.571684407431,0.321350960149,0.586321195891,0.99980735889,0.7147338342,0.534964896509,0.914916843254,TYSZKA STANIS?AW,Kukiz15,Kukiz15
416,0.699186437786,0.126532091575,0.517519205761,0.281449680927,0.99980735889,0.766506132409,0.556651469424,0.907981763308,TYSZKIEWICZ ROBERT,PO,PO
417,0.69480266426,0.113782235341,0.512989731159,0.273285112037,0.99980735889,0.768265587876,0.552623588445,0.906954344057,URBANIAK JAROS?AW,PO,PO
418,0.0630610106685,0.707789350578,0.563363091106,0.730286467456,0.99980735889,0.351014576511,0.441241097993,0.916714826944,URUSKI PIOTR,PiS,PiS
419,0.0582481139273,0.701758818883,0.562437632923,0.727348137904,0.99980735889,0.344882167855,0.433820822363,0.917934887305,U?CI?SKI PIOTR,PiS,PiS
420,0.0671742146385,0.704927354141,0.564861207145,0.729499588221,0.99980735889,0.349955050408,0.439181519908,0.918127528415,W ?SIK MACIEJ,PiS,PiS
421,0.0906341595739,0.710773226088,0.573266013513,0.731905813033,0.99980735889,0.375351570025,0.450993248388,0.926989019457,WARGOCKA TERESA,PiS,PiS
422,0.0438024440084,0.701202528571,0.557739556131,0.727374707673,0.99980735889,0.33396583831,0.427905287846,0.91703589546,WARWAS ROBERT,PiS,PiS
423,0.0516800139012,0.702391618911,0.560123657223,0.728504131247,0.99980735889,0.340098246966,0.431696266126,0.917292750273,WARZECHA JAN,PiS,PiS
424,0.708514763949,0.151083489407,0.532681215766,0.301427042166,0.99980735889,0.782938419059,0.567738118172,0.90862390034,WASILEWSKA ANNA,PO,PO
425,0.0576602804088,0.702619201132,0.563984759636,0.728989012276,0.99980735889,0.346249919733,0.434828213055,0.92063186284,WASSERMANN MA?GORZATA,PiS,PiS
426,0.227112033197,0.750361679647,0.631563037526,0.759098303713,0.99980735889,0.493800166956,0.500529533717,0.941501316381,WASZCZYKOWSKI WITOLD,PiS,PiS
427,0.0518979126047,0.701955226036,0.560516086654,0.727675555319,0.99980735889,0.339417581712,0.430673357123,0.917292750273,WEBER RAFA?,PiS,PiS
428,0.715753133424,0.144644450243,0.52673833418,0.298865190628,0.99980735889,0.790952289219,0.572897842114,0.910935593656,WIELICHOWSKA MONIKA,PO,PO
429,0.710772552127,0.153774063403,0.524890227353,0.305280661511,0.99980735889,0.778186605022,0.571272700309,0.911385089578,WILCZY?SKI RYSZARD,PO,PO
430,0.746380420249,0.666966879113,0.530741029191,0.650669239547,0.99980735889,0.809908174404,0.665678234307,0.94368458229,WILK JACEK,Kukiz15,niez.
431,0.178654334541,0.728820785499,0.59859495298,0.741646806491,0.99980735889,0.441543055288,0.469192023435,0.91703589546,WILK JERZY,PiS,PiS
432,0.692258151064,0.112842573913,0.511067696793,0.271361768119,0.99980735889,0.767912412509,0.551894839359,0.906954344057,WILK WOJCIECH,PO,PO
433,0.57739057999,0.647506295081,0.488538600524,0.65389717901,0.99980735889,0.675338727284,0.484439337926,0.915751621396,WINNICKI ROBERT,niez.,niez.
434,0.708449761292,0.161455473076,0.532985258818,0.310820793271,0.99980735889,0.779702048417,0.576247198295,0.912091440313,WITCZAK MARIUSZ,PO,PO
435,0.091831760178,0.717744894274,0.582738725588,0.743024097346,0.99980735889,0.367645925641,0.460593732131,0.917549605086,WITEK EL?BIETA,PiS,PiS
436,0.0568547476261,0.702001452538,0.561144739663,0.727929218088,0.99980735889,0.341909073396,0.432990325135,0.917164322867,WOJCIECHOWSKI GRZEGORZ,PiS,PiS
437,0.0861477976807,0.708310266548,0.569604537974,0.734102635334,0.99980735889,0.366676298722,0.445473698373,0.921209786168,WOJTKIEWICZ MICHA?,PiS,PiS
438,0.0759374283628,0.711285468104,0.572279848938,0.735272001606,0.99980735889,0.352074102613,0.448468579623,0.918512810634,WO?NIAK GRZEGORZ ADAM,PiS,PiS
439,0.0468381441412,0.7021091337,0.558826722473,0.727913418177,0.99980735889,0.336052783664,0.428898459788,0.918063314711,WO?NIAK TADEUSZ,PiS,PiS
440,0.766266218199,0.462004905965,0.635397107783,0.347494548444,0.99980735889,0.822365632826,0.648229383579,0.951775508894,WRÓBLEWSKA KORNELIA,N,N
441,0.0486591035684,0.701606342376,0.559229246545,0.727464063004,0.99980735889,0.336887561806,0.429753954494,0.917356963976,WRÓBLEWSKA KRYSTYNA,PiS,PiS
442,0.0831018650208,0.70469412512,0.559933090923,0.726842362662,0.99980735889,0.35580491877,0.438598933441,0.920824503949,WRÓBLEWSKI BART?OMIEJ,PiS,PiS
443,0.100855436104,0.712877525428,0.578659552922,0.736421578723,0.99980735889,0.353088679124,0.463455828617,0.917292750273,WYPYCH MA?GORZATA,PiS,PiS
444,0.714625181032,0.147939263551,0.536078338552,0.30059973897,0.99980735889,0.7875810698,0.573504508719,0.912733577345,WÓJCIK MAREK,PO,PO
445,0.0536739998694,0.702665485627,0.560178769818,0.727636484309,0.99980735889,0.340162460669,0.432394972373,0.916779040647,WÓJCIK MICHA?,PiS,PiS
446,0.453011988288,0.548625662573,0.413665123829,0.544576632871,0.748314390291,0.601650292172,0.479681408298,0.748314390291,WÓJCIKOWSKI RAFA?,Kukiz15,
447,0.0798025046431,0.707325366769,0.566100556268,0.731293815897,0.99980735889,0.357660694792,0.445273106995,0.917934887305,ZAGÓRSKI MAREK,PiS,PiS
448,0.0914367183327,0.712390512468,0.572109888275,0.73276438865,0.99980735889,0.371800552238,0.451816636242,0.920888717652,ZALEWSKA ANNA,PiS,PiS
449,0.0945365801901,0.710898624498,0.575767391657,0.732249342232,0.99980735889,0.368448596931,0.45617598224,0.917999101008,ZAREMBA KRZYSZTOF,PiS,PiS
450,0.0604433132553,0.702387534323,0.557923731083,0.727128594514,0.99980735889,0.344512939061,0.431394843945,0.917613818789,ZASADA ARTUR,PiS,PiS
451,0.0828774835195,0.708165464991,0.574902599855,0.729804326967,0.99980735889,0.368320169524,0.445923882299,0.926025813909,ZAWI?LAK S?AWOMIR,PiS,PiS
452,0.100760201222,0.717376931782,0.582809232082,0.739339726971,0.99980735889,0.384694663841,0.460724223549,0.918191742118,ZBONIKOWSKI ?UKASZ,PiS,PiS
453,0.723834862487,0.293318678024,0.539432649486,0.200008336027,0.99980735889,0.785513388557,0.594635174432,0.913953637706,ZEMBACZY?SKI WITOLD,N,N
454,0.755687165811,0.317440678468,0.601473671176,0.413820302829,0.99980735889,0.805509535735,0.620829702201,0.933731458293,ZEMBALA MARIAN,PO,PO
455,0.720941552445,0.344953030505,0.557619194156,0.380312443327,0.99980735889,0.773258203301,0.60445123275,0.913439928081,ZGORZELSKI PIOTR,PO,UED
456,0.546922887318,0.489418114807,0.406725449836,0.503008661804,0.709593527259,0.547784627239,0.517394957084,0.650581134014,ZIELI?SKA EL?BIETA,Kukiz15,Kukiz15
457,0.0504348013727,0.701209408706,0.560414807274,0.726911442596,0.99980735889,0.337465485135,0.431064296264,0.917742246195,ZIELI?SKI JAROS?AW,PiS,PiS
458,0.711039119972,0.143873864823,0.525226201385,0.298875356018,0.99980735889,0.770063571566,0.564872046552,0.921338213575,ZIEMNIAK WOJCIECH,PO,PO
459,0.21849452155,0.732829483305,0.622114984737,0.746204666561,0.99980735889,0.473405894818,0.517450685405,0.93546522828,ZIOBRO ZBIGNIEW,PiS,PiS
460,0.710104396267,0.153196372107,0.525222846276,0.299502671662,0.99980735889,0.78036987093,0.563999733972,0.920053939511,ZIÓ?KOWSKI SZYMON,PO,PO
461,0.0561533559097,0.702421157563,0.560430298154,0.728247415988,0.99980735889,0.34298786361,0.432961964083,0.918705451743,ZUBA MARIA,PiS,PiS
462,0.0552190009143,0.702845420665,0.560918328648,0.728880721264,0.99980735889,0.342955756758,0.432223812276,0.916971681757,ZUBOWSKI WOJCIECH,PiS,PiS
463,0.18093119588,0.676890159382,0.508048898372,0.697614603055,0.99980735889,0.31383163167,0.47346743295,0.915109484364,ZWIERCAN MA?GORZATA,PiS,WiS
464,0.216645408828,0.64861973518,0.488238692399,0.687403564558,0.99980735889,0.329695627047,0.478411735207,0.917485391383,ZYSKA IRENEUSZ,PiS,WiS
465,0.258876091904,0.594108547471,0.526257335424,0.601995048399,0.78616836833,0.504783920889,0.42495665575,0.76131766519,?API?SKI KRZYSZTOF,PiS,
466,0.0596261445823,0.703386826158,0.56201753406,0.727315504376,0.99980735889,0.347900211905,0.434949301752,0.917806459899,?AWNICZAK TOMASZ,PiS,PiS
467,0.680144552062,0.272235404402,0.508967852898,0.325537715179,0.99980735889,0.761275926283,0.568861169974,0.916522185834,?OPATA JAN,PO,UED
468,0.549397429767,0.480263481014,0.248228037969,0.511956755341,0.99980735889,0.661548834521,0.504603434516,0.900019264111,?CIGAJ AGNIESZKA,Kukiz15,Kukiz15
469,0.70873276177,0.13230726163,0.525387887999,0.291880744139,0.99980735889,0.769485648237,0.561987551715,0.908559686637,?LEDZI?SKA-KATARASI?SKA IWONA,PO,PO
470,0.0849288453388,0.70882368608,0.570125977676,0.730764858576,0.99980735889,0.369520965774,0.447940651249,0.919925512104,?NIADEK JANUSZ,PiS,PiS
471,0.0732173482813,0.708810431126,0.57062687736,0.734188736092,0.99980735889,0.351168689398,0.44561137561,0.917806459899,?WIAT JACEK,PiS,PiS
472,0.691708045356,0.113439839398,0.504231398753,0.263824108286,0.999711038336,0.762293713478,0.54949920956,0.905959031657,?WI?CICKI MARCIN,PO,PO
473,0.0950086483213,0.708924513659,0.572662343843,0.72801958096,0.99980735889,0.37085018943,0.453499188155,0.919219161369,?ALEK JACEK,PiS,PiS
474,0.704161849227,0.174704012281,0.534621315505,0.32047263514,0.99980735889,0.775296988377,0.577404191626,0.906954344057,?MIJAN STANIS?AW,PO,PO
475,0.431809593216,0.547593183776,0.520350374129,0.546820330375,0.585628973223,0.585628973223,0.483031528928,0.585628973223,?Y?Y?SKI JERZY,PiS,
